{
  "view/Master.view.xml": 1614776108690,
  "model/models.js": 1614757230138,
  "manifest.json": 1614776182658,
  "controller/Master.controller.js": 1614757230142,
  "Component.js": 1614757230134,
  "manifest-bundle.zip": 1614776182332,
  "Component-preload.js": 1614776182628,
  "controller/Master-dbg.controller.js": 1614757230142,
  "model/models-dbg.js": 1614757230138,
  "Component-dbg.js": 1614757230134,
  "resources.json": 1614776182660,
  "i18n/i18n.properties": 1614757230138,
  "css/style.css": 1614757230134,
  "index.html": 1614757230134
}