{
  "i18n/i18n.properties": 1613031202028,
  "Component.js": 1613031202028,
  "model/models.js": 1613031202032,
  "controller/master.controller.js": 1613031202032,
  "manifest.json": 1613492682746,
  "manifest-bundle.zip": 1613492682586,
  "Component-preload.js": 1613492682727,
  "model/models-dbg.js": 1613031202032,
  "controller/master-dbg.controller.js": 1613031202032,
  "Component-dbg.js": 1613031202028,
  "resources.json": 1613492682749,
  "view/master.view.xml": 1613031286659,
  "css/style.css": 1613031202028,
  "index.html": 1613031202028
}